Driver,LapNumber,Compound,LapTime (s),Position
VER,1.0,MEDIUM,84.238,1.0
VER,2.0,MEDIUM,79.367,1.0
VER,3.0,MEDIUM,79.074,1.0
VER,4.0,MEDIUM,78.129,1.0
VER,5.0,MEDIUM,78.019,1.0
VER,6.0,MEDIUM,77.64,1.0
VER,7.0,MEDIUM,77.633,1.0
VER,8.0,MEDIUM,77.397,1.0
VER,9.0,MEDIUM,77.031,1.0
VER,10.0,MEDIUM,77.084,1.0
VER,11.0,MEDIUM,76.858,1.0
VER,12.0,MEDIUM,76.993,1.0
VER,13.0,MEDIUM,77.434,1.0
VER,14.0,MEDIUM,77.065,1.0
VER,15.0,MEDIUM,77.079,1.0
VER,16.0,MEDIUM,76.824,1.0
VER,17.0,MEDIUM,76.86,1.0
VER,18.0,MEDIUM,76.712,1.0
VER,19.0,MEDIUM,76.823,1.0
VER,20.0,MEDIUM,77.214,1.0
VER,21.0,MEDIUM,76.803,1.0
VER,22.0,MEDIUM,76.659,1.0
VER,23.0,MEDIUM,76.604,1.0
VER,24.0,MEDIUM,76.798,1.0
VER,25.0,MEDIUM,77.183,1.0
VER,26.0,MEDIUM,77.212,1.0
VER,27.0,MEDIUM,77.259,1.0
VER,28.0,MEDIUM,77.77,1.0
VER,29.0,MEDIUM,78.001,1.0
VER,30.0,MEDIUM,78.16,1.0
VER,31.0,MEDIUM,78.741,1.0
VER,32.0,MEDIUM,78.816,1.0
VER,33.0,MEDIUM,78.946,1.0
VER,34.0,MEDIUM,78.044,1.0
VER,35.0,MEDIUM,78.024,1.0
VER,36.0,MEDIUM,77.974,1.0
VER,37.0,MEDIUM,77.273,1.0
VER,38.0,MEDIUM,77.122,1.0
VER,39.0,MEDIUM,76.966,1.0
VER,40.0,MEDIUM,77.161,1.0
VER,41.0,MEDIUM,76.944,1.0
VER,42.0,MEDIUM,76.8,1.0
VER,43.0,MEDIUM,76.963,1.0
VER,44.0,MEDIUM,76.722,1.0
VER,45.0,MEDIUM,76.701,1.0
VER,46.0,MEDIUM,77.075,1.0
VER,47.0,MEDIUM,77.16,1.0
VER,48.0,MEDIUM,77.065,1.0
VER,49.0,MEDIUM,77.428,1.0
VER,50.0,MEDIUM,77.314,1.0
VER,51.0,MEDIUM,77.427,1.0
VER,52.0,MEDIUM,84.046,1.0
VER,53.0,MEDIUM,89.919,1.0
VER,54.0,MEDIUM,98.946,1.0
VER,55.0,MEDIUM,130.567,1.0
VER,56.0,INTERMEDIATE,106.131,1.0
VER,57.0,INTERMEDIATE,103.464,1.0
VER,58.0,INTERMEDIATE,102.808,1.0
VER,59.0,INTERMEDIATE,103.791,1.0
VER,60.0,INTERMEDIATE,101.54,1.0
VER,61.0,INTERMEDIATE,100.797,1.0
VER,62.0,INTERMEDIATE,99.272,1.0
VER,63.0,INTERMEDIATE,99.61,1.0
VER,64.0,INTERMEDIATE,98.364,1.0
VER,65.0,INTERMEDIATE,97.16,1.0
VER,66.0,INTERMEDIATE,94.035,1.0
VER,67.0,INTERMEDIATE,92.921,1.0
VER,68.0,INTERMEDIATE,93.659,1.0
VER,69.0,INTERMEDIATE,91.607,1.0
VER,70.0,INTERMEDIATE,91.244,1.0
VER,71.0,INTERMEDIATE,90.363,1.0
VER,72.0,INTERMEDIATE,90.402,1.0
VER,73.0,INTERMEDIATE,88.386,1.0
VER,74.0,INTERMEDIATE,86.864,1.0
VER,75.0,INTERMEDIATE,85.518,1.0
VER,76.0,INTERMEDIATE,85.316,1.0
VER,77.0,INTERMEDIATE,85.46,1.0
VER,78.0,INTERMEDIATE,85.201,1.0
GAS,1.0,HARD,89.701,7.0
GAS,2.0,HARD,80.636,7.0
GAS,3.0,HARD,80.282,7.0
GAS,4.0,HARD,79.577,7.0
GAS,5.0,HARD,78.893,7.0
GAS,6.0,HARD,78.842,7.0
GAS,7.0,HARD,78.604,7.0
GAS,8.0,HARD,79.317,7.0
GAS,9.0,HARD,78.788,7.0
GAS,10.0,HARD,78.31,7.0
GAS,11.0,HARD,78.367,7.0
GAS,12.0,HARD,78.582,7.0
GAS,13.0,HARD,77.713,7.0
GAS,14.0,HARD,78.564,7.0
GAS,15.0,HARD,78.284,7.0
GAS,16.0,HARD,78.298,7.0
GAS,17.0,HARD,77.99,7.0
GAS,18.0,HARD,78.453,7.0
GAS,19.0,HARD,78.109,7.0
GAS,20.0,HARD,78.587,7.0
GAS,21.0,HARD,77.81,7.0
GAS,22.0,HARD,78.213,7.0
GAS,23.0,HARD,77.942,7.0
GAS,24.0,HARD,77.577,7.0
GAS,25.0,HARD,77.54,7.0
GAS,26.0,HARD,77.912,7.0
GAS,27.0,HARD,78.012,7.0
GAS,28.0,HARD,77.285,7.0
GAS,29.0,HARD,77.373,7.0
GAS,30.0,HARD,77.083,7.0
GAS,31.0,HARD,78.015,6.0
GAS,32.0,HARD,77.384,5.0
GAS,33.0,HARD,77.45,4.0
GAS,34.0,HARD,77.207,4.0
GAS,35.0,HARD,77.421,4.0
GAS,36.0,HARD,77.668,4.0
GAS,37.0,HARD,77.212,4.0
GAS,38.0,HARD,77.556,4.0
GAS,39.0,HARD,77.102,4.0
GAS,40.0,HARD,77.221,4.0
GAS,41.0,HARD,77.654,4.0
GAS,42.0,HARD,78.559,4.0
GAS,43.0,HARD,77.699,4.0
GAS,44.0,HARD,78.042,3.0
GAS,45.0,HARD,76.839,3.0
GAS,46.0,HARD,76.997,3.0
GAS,47.0,HARD,93.267,7.0
GAS,48.0,MEDIUM,79.884,8.0
GAS,49.0,MEDIUM,75.831,8.0
GAS,50.0,MEDIUM,75.955,8.0
GAS,51.0,MEDIUM,76.711,8.0
GAS,52.0,MEDIUM,82.349,8.0
GAS,53.0,MEDIUM,95.781,8.0
GAS,54.0,MEDIUM,121.097,8.0
GAS,55.0,INTERMEDIATE,103.22,7.0
GAS,56.0,INTERMEDIATE,101.478,7.0
GAS,57.0,INTERMEDIATE,103.496,7.0
GAS,58.0,INTERMEDIATE,103.238,7.0
GAS,59.0,INTERMEDIATE,103.477,7.0
GAS,60.0,INTERMEDIATE,102.923,7.0
GAS,61.0,INTERMEDIATE,102.263,7.0
GAS,62.0,INTERMEDIATE,100.864,7.0
GAS,63.0,INTERMEDIATE,100.28,7.0
GAS,64.0,INTERMEDIATE,99.374,7.0
GAS,65.0,INTERMEDIATE,98.169,7.0
GAS,66.0,INTERMEDIATE,96.252,7.0
GAS,67.0,INTERMEDIATE,94.612,7.0
GAS,68.0,INTERMEDIATE,93.318,7.0
GAS,69.0,INTERMEDIATE,96.097,7.0
GAS,70.0,INTERMEDIATE,91.098,7.0
GAS,71.0,INTERMEDIATE,90.098,7.0
GAS,72.0,INTERMEDIATE,89.916,7.0
GAS,73.0,INTERMEDIATE,88.128,7.0
GAS,74.0,INTERMEDIATE,87.856,7.0
GAS,75.0,INTERMEDIATE,86.378,7.0
GAS,76.0,INTERMEDIATE,86.077,7.0
GAS,77.0,INTERMEDIATE,85.607,7.0
GAS,78.0,INTERMEDIATE,86.578,7.0
PER,1.0,MEDIUM,118.19,18.0
PER,2.0,HARD,79.704,18.0
PER,3.0,HARD,76.387,18.0
PER,4.0,HARD,76.535,18.0
PER,5.0,HARD,76.269,18.0
PER,6.0,HARD,76.458,18.0
PER,7.0,HARD,77.399,18.0
PER,8.0,HARD,77.937,18.0
PER,9.0,HARD,78.254,18.0
PER,10.0,HARD,79.787,18.0
PER,11.0,HARD,79.848,18.0
PER,12.0,HARD,80.433,18.0
PER,13.0,HARD,80.797,18.0
PER,14.0,HARD,80.283,18.0
PER,15.0,HARD,80.418,18.0
PER,16.0,HARD,80.487,18.0
PER,17.0,HARD,81.315,17.0
PER,18.0,HARD,78.092,16.0
PER,19.0,HARD,77.867,16.0
PER,20.0,HARD,77.979,16.0
PER,21.0,HARD,78.523,16.0
PER,22.0,HARD,78.803,16.0
PER,23.0,HARD,78.604,16.0
PER,24.0,HARD,78.624,16.0
PER,25.0,HARD,78.541,16.0
PER,26.0,HARD,79.877,16.0
PER,27.0,HARD,79.319,16.0
PER,28.0,HARD,79.611,16.0
PER,29.0,HARD,79.986,16.0
PER,30.0,HARD,80.771,16.0
PER,31.0,HARD,79.292,15.0
PER,32.0,HARD,79.607,15.0
PER,33.0,HARD,82.083,16.0
PER,34.0,HARD,106.451,19.0
PER,35.0,MEDIUM,79.581,19.0
PER,36.0,MEDIUM,76.882,19.0
PER,37.0,MEDIUM,76.706,19.0
PER,38.0,MEDIUM,76.353,19.0
PER,39.0,MEDIUM,76.445,19.0
PER,40.0,MEDIUM,76.755,19.0
PER,41.0,MEDIUM,77.959,19.0
PER,42.0,MEDIUM,77.46,19.0
PER,43.0,MEDIUM,77.847,19.0
PER,44.0,MEDIUM,77.616,19.0
PER,45.0,MEDIUM,77.128,19.0
PER,46.0,MEDIUM,77.047,19.0
PER,47.0,MEDIUM,76.859,19.0
PER,48.0,MEDIUM,76.98,19.0
PER,49.0,MEDIUM,78.524,19.0
PER,50.0,MEDIUM,84.856,19.0
PER,51.0,MEDIUM,85.645,17.0
PER,52.0,MEDIUM,98.2,15.0
PER,53.0,MEDIUM,115.544,19.0
PER,54.0,INTERMEDIATE,102.332,17.0
PER,55.0,INTERMEDIATE,100.446,17.0
PER,56.0,INTERMEDIATE,105.055,16.0
PER,57.0,INTERMEDIATE,125.839,17.0
PER,58.0,WET,105.989,17.0
PER,59.0,WET,100.595,16.0
PER,60.0,WET,101.082,16.0
PER,61.0,WET,101.22,16.0
PER,62.0,WET,99.631,16.0
PER,63.0,WET,99.405,16.0
PER,64.0,WET,97.112,16.0
PER,65.0,WET,97.675,16.0
PER,66.0,WET,96.451,16.0
PER,67.0,WET,95.957,16.0
PER,68.0,WET,96.297,16.0
PER,69.0,WET,95.708,16.0
PER,70.0,WET,118.066,17.0
PER,71.0,INTERMEDIATE,96.744,17.0
PER,72.0,INTERMEDIATE,89.537,17.0
PER,73.0,INTERMEDIATE,86.82,17.0
PER,74.0,INTERMEDIATE,85.704,17.0
PER,75.0,INTERMEDIATE,94.148,17.0
PER,76.0,INTERMEDIATE,90.273,17.0
ALO,1.0,HARD,85.527,2.0
ALO,2.0,HARD,79.646,2.0
ALO,3.0,HARD,79.113,2.0
ALO,4.0,HARD,78.776,2.0
ALO,5.0,HARD,77.939,2.0
ALO,6.0,HARD,77.952,2.0
ALO,7.0,HARD,77.505,2.0
ALO,8.0,HARD,77.391,2.0
ALO,9.0,HARD,77.783,2.0
ALO,10.0,HARD,77.324,2.0
ALO,11.0,HARD,77.249,2.0
ALO,12.0,HARD,77.588,2.0
ALO,13.0,HARD,78.443,2.0
ALO,14.0,HARD,77.508,2.0
ALO,15.0,HARD,77.444,2.0
ALO,16.0,HARD,77.17,2.0
ALO,17.0,HARD,77.699,2.0
ALO,18.0,HARD,77.528,2.0
ALO,19.0,HARD,77.258,2.0
ALO,20.0,HARD,77.13,2.0
ALO,21.0,HARD,77.664,2.0
ALO,22.0,HARD,77.947,2.0
ALO,23.0,HARD,77.272,2.0
ALO,24.0,HARD,77.285,2.0
ALO,25.0,HARD,77.182,2.0
ALO,26.0,HARD,77.141,2.0
ALO,27.0,HARD,77.228,2.0
ALO,28.0,HARD,77.562,2.0
ALO,29.0,HARD,77.111,2.0
ALO,30.0,HARD,76.965,2.0
ALO,31.0,HARD,77.259,2.0
ALO,32.0,HARD,77.637,2.0
ALO,33.0,HARD,77.816,2.0
ALO,34.0,HARD,79.297,2.0
ALO,35.0,HARD,78.634,2.0
ALO,36.0,HARD,77.876,2.0
ALO,37.0,HARD,77.974,2.0
ALO,38.0,HARD,77.141,2.0
ALO,39.0,HARD,77.705,2.0
ALO,40.0,HARD,77.63,2.0
ALO,41.0,HARD,77.016,2.0
ALO,42.0,HARD,76.719,2.0
ALO,43.0,HARD,76.674,2.0
ALO,44.0,HARD,76.919,2.0
ALO,45.0,HARD,76.862,2.0
ALO,46.0,HARD,77.114,2.0
ALO,47.0,HARD,77.108,2.0
ALO,48.0,HARD,76.931,2.0
ALO,49.0,HARD,76.992,2.0
ALO,50.0,HARD,77.408,2.0
ALO,51.0,HARD,79.991,2.0
ALO,52.0,HARD,84.967,2.0
ALO,53.0,HARD,90.862,2.0
ALO,54.0,HARD,110.311,2.0
ALO,55.0,MEDIUM,126.635,2.0
ALO,56.0,INTERMEDIATE,108.531,2.0
ALO,57.0,INTERMEDIATE,102.581,2.0
ALO,58.0,INTERMEDIATE,101.267,2.0
ALO,59.0,INTERMEDIATE,100.897,2.0
ALO,60.0,INTERMEDIATE,100.638,2.0
ALO,61.0,INTERMEDIATE,102.727,2.0
ALO,62.0,INTERMEDIATE,100.467,2.0
ALO,63.0,INTERMEDIATE,99.671,2.0
ALO,64.0,INTERMEDIATE,98.135,2.0
ALO,65.0,INTERMEDIATE,97.64,2.0
ALO,66.0,INTERMEDIATE,96.332,2.0
ALO,67.0,INTERMEDIATE,93.205,2.0
ALO,68.0,INTERMEDIATE,92.841,2.0
ALO,69.0,INTERMEDIATE,93.864,2.0
ALO,70.0,INTERMEDIATE,91.23,2.0
ALO,71.0,INTERMEDIATE,91.057,2.0
ALO,72.0,INTERMEDIATE,89.419,2.0
ALO,73.0,INTERMEDIATE,90.346,2.0
ALO,74.0,INTERMEDIATE,87.245,2.0
ALO,75.0,INTERMEDIATE,85.7,2.0
ALO,76.0,INTERMEDIATE,86.931,2.0
ALO,77.0,INTERMEDIATE,84.701,2.0
ALO,78.0,INTERMEDIATE,85.668,2.0
LEC,1.0,HARD,89.108,6.0
LEC,2.0,HARD,80.549,6.0
LEC,3.0,HARD,80.021,6.0
LEC,4.0,HARD,79.468,6.0
LEC,5.0,HARD,78.837,6.0
LEC,6.0,HARD,78.829,6.0
LEC,7.0,HARD,78.645,6.0
LEC,8.0,HARD,79.165,6.0
LEC,9.0,HARD,78.809,6.0
LEC,10.0,HARD,78.219,6.0
LEC,11.0,HARD,78.162,6.0
LEC,12.0,HARD,78.15,6.0
LEC,13.0,HARD,78.018,6.0
LEC,14.0,HARD,78.394,6.0
LEC,15.0,HARD,78.312,6.0
LEC,16.0,HARD,78.316,6.0
LEC,17.0,HARD,78.234,6.0
LEC,18.0,HARD,78.361,6.0
LEC,19.0,HARD,78.19,6.0
LEC,20.0,HARD,78.365,6.0
LEC,21.0,HARD,78.127,6.0
LEC,22.0,HARD,77.886,6.0
LEC,23.0,HARD,77.922,6.0
LEC,24.0,HARD,77.586,6.0
LEC,25.0,HARD,77.619,6.0
LEC,26.0,HARD,77.879,6.0
LEC,27.0,HARD,77.602,6.0
LEC,28.0,HARD,77.48,6.0
LEC,29.0,HARD,77.065,6.0
LEC,30.0,HARD,77.559,6.0
LEC,31.0,HARD,77.876,5.0
LEC,32.0,HARD,77.282,4.0
LEC,33.0,HARD,77.163,3.0
LEC,34.0,HARD,77.461,3.0
LEC,35.0,HARD,77.467,3.0
LEC,36.0,HARD,77.491,3.0
LEC,37.0,HARD,77.361,3.0
LEC,38.0,HARD,77.483,3.0
LEC,39.0,HARD,77.213,3.0
LEC,40.0,HARD,77.237,3.0
LEC,41.0,HARD,78.328,3.0
LEC,42.0,HARD,77.801,3.0
LEC,43.0,HARD,78.451,3.0
LEC,44.0,HARD,95.442,8.0
LEC,45.0,MEDIUM,79.563,8.0
LEC,46.0,MEDIUM,75.773,8.0
LEC,47.0,MEDIUM,76.358,8.0
LEC,48.0,MEDIUM,76.971,7.0
LEC,49.0,MEDIUM,76.283,7.0
LEC,50.0,MEDIUM,75.956,7.0
LEC,51.0,MEDIUM,77.017,7.0
LEC,52.0,MEDIUM,83.243,7.0
LEC,53.0,MEDIUM,93.259,7.0
LEC,54.0,MEDIUM,95.725,4.0
LEC,55.0,MEDIUM,129.246,6.0
LEC,56.0,INTERMEDIATE,103.008,6.0
LEC,57.0,INTERMEDIATE,103.373,6.0
LEC,58.0,INTERMEDIATE,103.473,6.0
LEC,59.0,INTERMEDIATE,102.305,6.0
LEC,60.0,INTERMEDIATE,102.852,6.0
LEC,61.0,INTERMEDIATE,102.262,6.0
LEC,62.0,INTERMEDIATE,101.144,6.0
LEC,63.0,INTERMEDIATE,100.396,6.0
LEC,64.0,INTERMEDIATE,99.223,6.0
LEC,65.0,INTERMEDIATE,98.481,6.0
LEC,66.0,INTERMEDIATE,95.05,6.0
LEC,67.0,INTERMEDIATE,94.515,6.0
LEC,68.0,INTERMEDIATE,93.903,6.0
LEC,69.0,INTERMEDIATE,95.087,6.0
LEC,70.0,INTERMEDIATE,92.309,6.0
LEC,71.0,INTERMEDIATE,90.198,6.0
LEC,72.0,INTERMEDIATE,88.677,6.0
LEC,73.0,INTERMEDIATE,89.177,6.0
LEC,74.0,INTERMEDIATE,87.848,6.0
LEC,75.0,INTERMEDIATE,86.923,6.0
LEC,76.0,INTERMEDIATE,86.435,6.0
LEC,77.0,INTERMEDIATE,85.965,6.0
LEC,78.0,INTERMEDIATE,86.939,6.0
STR,1.0,HARD,99.562,17.0
STR,2.0,HARD,79.989,17.0
STR,3.0,HARD,79.928,17.0
STR,4.0,HARD,79.998,17.0
STR,5.0,HARD,80.438,17.0
STR,6.0,HARD,79.785,17.0
STR,7.0,HARD,79.417,17.0
STR,8.0,HARD,78.733,17.0
STR,9.0,HARD,78.659,17.0
STR,10.0,HARD,79.893,17.0
STR,11.0,HARD,79.758,17.0
STR,12.0,HARD,80.639,17.0
STR,13.0,HARD,80.847,17.0
STR,14.0,HARD,80.295,17.0
STR,15.0,HARD,80.203,17.0
STR,16.0,HARD,80.545,17.0
STR,17.0,HARD,81.17,16.0
STR,18.0,HARD,77.769,15.0
STR,19.0,HARD,77.915,15.0
STR,20.0,HARD,78.061,15.0
STR,21.0,HARD,78.594,15.0
STR,22.0,HARD,78.548,15.0
STR,23.0,HARD,78.927,15.0
STR,24.0,HARD,78.439,15.0
STR,25.0,HARD,79.058,15.0
STR,26.0,HARD,78.926,15.0
STR,27.0,HARD,79.772,15.0
STR,28.0,HARD,79.86,15.0
STR,29.0,HARD,79.831,15.0
STR,30.0,HARD,79.86,15.0
STR,31.0,HARD,81.753,16.0
STR,32.0,HARD,79.387,16.0
STR,33.0,HARD,80.446,15.0
STR,34.0,HARD,78.583,15.0
STR,35.0,HARD,81.072,15.0
STR,36.0,HARD,79.544,15.0
STR,37.0,HARD,78.76,15.0
STR,38.0,HARD,78.424,15.0
STR,39.0,HARD,78.498,15.0
STR,40.0,HARD,78.498,15.0
STR,41.0,HARD,78.574,15.0
STR,42.0,HARD,78.732,15.0
STR,43.0,HARD,78.898,15.0
STR,44.0,HARD,78.533,15.0
STR,45.0,HARD,78.374,15.0
STR,46.0,HARD,78.723,15.0
STR,47.0,HARD,79.033,15.0
STR,48.0,HARD,78.573,15.0
STR,49.0,HARD,78.418,15.0
STR,50.0,HARD,80.218,15.0
STR,51.0,HARD,104.501,19.0
STR,52.0,INTERMEDIATE,92.189,17.0
STR,53.0,INTERMEDIATE,96.321,16.0
STR,54.0,INTERMEDIATE,,
SAR,1.0,MEDIUM,97.689,15.0
SAR,2.0,MEDIUM,79.658,15.0
SAR,3.0,MEDIUM,80.219,15.0
SAR,4.0,MEDIUM,80.246,15.0
SAR,5.0,MEDIUM,80.214,15.0
SAR,6.0,MEDIUM,79.312,15.0
SAR,7.0,MEDIUM,79.239,15.0
SAR,8.0,MEDIUM,78.947,15.0
SAR,9.0,MEDIUM,79.529,15.0
SAR,10.0,MEDIUM,80.334,15.0
SAR,11.0,MEDIUM,80.089,15.0
SAR,12.0,MEDIUM,80.638,15.0
SAR,13.0,MEDIUM,80.702,15.0
SAR,14.0,MEDIUM,80.318,15.0
SAR,15.0,MEDIUM,80.28,15.0
SAR,16.0,MEDIUM,80.471,15.0
SAR,17.0,MEDIUM,83.236,18.0
SAR,18.0,MEDIUM,81.41,17.0
SAR,19.0,MEDIUM,82.328,18.0
SAR,20.0,MEDIUM,97.211,20.0
SAR,21.0,HARD,81.646,20.0
SAR,22.0,HARD,77.483,20.0
SAR,23.0,HARD,98.195,20.0
SAR,24.0,SOFT,80.682,20.0
SAR,25.0,SOFT,77.894,20.0
SAR,26.0,SOFT,78.033,20.0
SAR,27.0,SOFT,77.875,20.0
SAR,28.0,SOFT,77.74,20.0
SAR,29.0,SOFT,77.753,20.0
SAR,30.0,SOFT,77.535,20.0
SAR,31.0,SOFT,77.493,20.0
SAR,32.0,SOFT,77.302,20.0
SAR,33.0,SOFT,77.344,20.0
SAR,34.0,SOFT,77.666,20.0
SAR,35.0,SOFT,78.638,20.0
SAR,36.0,SOFT,77.372,20.0
SAR,37.0,SOFT,77.383,20.0
SAR,38.0,SOFT,80.017,20.0
SAR,39.0,SOFT,81.035,20.0
SAR,40.0,SOFT,79.469,20.0
SAR,41.0,SOFT,78.519,20.0
SAR,42.0,SOFT,78.625,20.0
SAR,43.0,SOFT,78.773,20.0
SAR,44.0,SOFT,82.125,20.0
SAR,45.0,SOFT,79.618,20.0
SAR,46.0,SOFT,79.028,20.0
SAR,47.0,SOFT,78.91,20.0
SAR,48.0,SOFT,79.212,20.0
SAR,49.0,SOFT,82.128,20.0
SAR,50.0,SOFT,83.12,20.0
SAR,51.0,SOFT,92.385,20.0
SAR,52.0,SOFT,117.918,20.0
SAR,53.0,INTERMEDIATE,102.041,20.0
SAR,54.0,INTERMEDIATE,98.806,19.0
SAR,55.0,INTERMEDIATE,101.078,19.0
SAR,56.0,INTERMEDIATE,102.285,18.0
SAR,57.0,INTERMEDIATE,118.063,18.0
SAR,58.0,INTERMEDIATE,102.599,18.0
SAR,59.0,INTERMEDIATE,103.687,18.0
SAR,60.0,INTERMEDIATE,102.558,18.0
SAR,61.0,INTERMEDIATE,100.969,18.0
SAR,62.0,INTERMEDIATE,99.586,18.0
SAR,63.0,INTERMEDIATE,103.289,18.0
SAR,64.0,INTERMEDIATE,98.302,18.0
SAR,65.0,INTERMEDIATE,98.073,18.0
SAR,66.0,INTERMEDIATE,96.293,18.0
SAR,67.0,INTERMEDIATE,99.467,18.0
SAR,68.0,INTERMEDIATE,91.921,18.0
SAR,69.0,INTERMEDIATE,93.193,18.0
SAR,70.0,INTERMEDIATE,118.263,18.0
SAR,71.0,INTERMEDIATE,89.015,18.0
SAR,72.0,INTERMEDIATE,92.354,18.0
SAR,73.0,INTERMEDIATE,87.137,18.0
SAR,74.0,INTERMEDIATE,87.954,18.0
SAR,75.0,INTERMEDIATE,87.968,18.0
SAR,76.0,INTERMEDIATE,89.076,18.0
MAG,1.0,HARD,98.425,16.0
MAG,2.0,HARD,80.175,16.0
MAG,3.0,HARD,79.929,16.0
MAG,4.0,HARD,80.407,16.0
MAG,5.0,HARD,80.224,16.0
MAG,6.0,HARD,79.352,16.0
MAG,7.0,HARD,79.512,16.0
MAG,8.0,HARD,79.052,16.0
MAG,9.0,HARD,78.914,16.0
MAG,10.0,HARD,79.929,16.0
MAG,11.0,HARD,79.824,16.0
MAG,12.0,HARD,80.487,16.0
MAG,13.0,HARD,80.886,16.0
MAG,14.0,HARD,80.328,16.0
MAG,15.0,HARD,80.287,16.0
MAG,16.0,HARD,80.464,16.0
MAG,17.0,HARD,79.206,15.0
MAG,18.0,HARD,78.727,14.0
MAG,19.0,HARD,78.445,14.0
MAG,20.0,HARD,78.354,14.0
MAG,21.0,HARD,78.8,14.0
MAG,22.0,HARD,78.767,14.0
MAG,23.0,HARD,78.926,14.0
MAG,24.0,HARD,78.497,14.0
MAG,25.0,HARD,78.694,14.0
MAG,26.0,HARD,79.023,14.0
MAG,27.0,HARD,79.849,14.0
MAG,28.0,HARD,79.768,14.0
MAG,29.0,HARD,79.91,14.0
MAG,30.0,HARD,79.753,14.0
MAG,31.0,HARD,79.276,14.0
MAG,32.0,HARD,81.543,14.0
MAG,33.0,HARD,80.882,14.0
MAG,34.0,HARD,78.747,14.0
MAG,35.0,HARD,79.274,14.0
MAG,36.0,HARD,80.942,14.0
MAG,37.0,HARD,78.849,14.0
MAG,38.0,HARD,78.498,14.0
MAG,39.0,HARD,78.634,14.0
MAG,40.0,HARD,78.508,14.0
MAG,41.0,HARD,78.351,14.0
MAG,42.0,HARD,78.63,14.0
MAG,43.0,HARD,78.522,14.0
MAG,44.0,HARD,78.447,14.0
MAG,45.0,HARD,78.92,14.0
MAG,46.0,HARD,78.384,14.0
MAG,47.0,HARD,78.685,14.0
MAG,48.0,HARD,78.745,14.0
MAG,49.0,HARD,78.854,14.0
MAG,50.0,HARD,80.301,14.0
MAG,51.0,HARD,85.595,13.0
MAG,52.0,HARD,90.696,13.0
MAG,53.0,HARD,98.955,12.0
MAG,54.0,HARD,110.776,12.0
MAG,55.0,HARD,127.055,16.0
MAG,56.0,HARD,,19.0
MAG,57.0,WET,108.018,19.0
MAG,58.0,WET,146.648,19.0
MAG,59.0,WET,103.755,19.0
MAG,60.0,WET,100.559,19.0
MAG,61.0,WET,101.219,19.0
MAG,62.0,WET,99.789,19.0
MAG,63.0,WET,100.016,19.0
MAG,64.0,WET,99.995,19.0
MAG,65.0,WET,100.703,19.0
MAG,66.0,WET,97.778,19.0
MAG,67.0,WET,100.088,19.0
MAG,68.0,WET,103.925,19.0
MAG,69.0,WET,99.407,19.0
MAG,70.0,WET,101.853,19.0
MAG,71.0,WET,,19.0
DEV,1.0,MEDIUM,93.449,12.0
DEV,2.0,MEDIUM,81.764,12.0
DEV,3.0,MEDIUM,80.58,12.0
DEV,4.0,MEDIUM,80.376,12.0
DEV,5.0,MEDIUM,79.79,12.0
DEV,6.0,MEDIUM,79.224,12.0
DEV,7.0,MEDIUM,79.038,12.0
DEV,8.0,MEDIUM,78.743,12.0
DEV,9.0,MEDIUM,79.454,12.0
DEV,10.0,MEDIUM,78.957,12.0
DEV,11.0,MEDIUM,79.07,12.0
DEV,12.0,MEDIUM,80.182,12.0
DEV,13.0,MEDIUM,79.419,12.0
DEV,14.0,MEDIUM,79.479,12.0
DEV,15.0,MEDIUM,79.081,12.0
DEV,16.0,MEDIUM,79.004,12.0
DEV,17.0,MEDIUM,79.182,12.0
DEV,18.0,MEDIUM,79.281,12.0
DEV,19.0,MEDIUM,79.234,12.0
DEV,20.0,MEDIUM,79.188,12.0
DEV,21.0,MEDIUM,79.398,12.0
DEV,22.0,MEDIUM,79.578,12.0
DEV,23.0,MEDIUM,79.699,12.0
DEV,24.0,MEDIUM,80.198,12.0
DEV,25.0,MEDIUM,80.132,12.0
DEV,26.0,MEDIUM,80.163,12.0
DEV,27.0,MEDIUM,80.154,12.0
DEV,28.0,MEDIUM,79.973,12.0
DEV,29.0,MEDIUM,80.009,12.0
DEV,30.0,MEDIUM,79.267,12.0
DEV,31.0,MEDIUM,79.067,12.0
DEV,32.0,MEDIUM,78.941,12.0
DEV,33.0,MEDIUM,79.071,12.0
DEV,34.0,MEDIUM,79.328,12.0
DEV,35.0,MEDIUM,80.911,12.0
DEV,36.0,MEDIUM,79.072,12.0
DEV,37.0,MEDIUM,79.096,12.0
DEV,38.0,MEDIUM,78.75,12.0
DEV,39.0,MEDIUM,80.38,12.0
DEV,40.0,MEDIUM,78.413,12.0
DEV,41.0,MEDIUM,78.207,12.0
DEV,42.0,MEDIUM,77.814,12.0
DEV,43.0,MEDIUM,77.561,12.0
DEV,44.0,MEDIUM,77.646,12.0
DEV,45.0,MEDIUM,77.746,12.0
DEV,46.0,MEDIUM,77.785,12.0
DEV,47.0,MEDIUM,77.579,12.0
DEV,48.0,MEDIUM,77.608,12.0
DEV,49.0,MEDIUM,78.016,12.0
DEV,50.0,MEDIUM,78.497,12.0
DEV,51.0,MEDIUM,84.546,12.0
DEV,52.0,MEDIUM,89.326,12.0
DEV,53.0,MEDIUM,118.795,13.0
DEV,54.0,INTERMEDIATE,107.858,13.0
DEV,55.0,INTERMEDIATE,108.77,13.0
DEV,56.0,INTERMEDIATE,104.129,13.0
DEV,57.0,INTERMEDIATE,106.026,13.0
DEV,58.0,INTERMEDIATE,103.778,13.0
DEV,59.0,INTERMEDIATE,104.385,13.0
DEV,60.0,INTERMEDIATE,102.056,13.0
DEV,61.0,INTERMEDIATE,101.415,13.0
DEV,62.0,INTERMEDIATE,100.276,13.0
DEV,63.0,INTERMEDIATE,100.486,13.0
DEV,64.0,INTERMEDIATE,98.636,13.0
DEV,65.0,INTERMEDIATE,96.475,13.0
DEV,66.0,INTERMEDIATE,95.654,13.0
DEV,67.0,INTERMEDIATE,94.011,13.0
DEV,68.0,INTERMEDIATE,99.526,12.0
DEV,69.0,INTERMEDIATE,91.939,12.0
DEV,70.0,INTERMEDIATE,91.636,12.0
DEV,71.0,INTERMEDIATE,90.107,12.0
DEV,72.0,INTERMEDIATE,90.085,12.0
DEV,73.0,INTERMEDIATE,87.595,12.0
DEV,74.0,INTERMEDIATE,86.478,12.0
DEV,75.0,INTERMEDIATE,86.435,12.0
DEV,76.0,INTERMEDIATE,86.282,12.0
DEV,77.0,INTERMEDIATE,88.038,12.0
TSU,1.0,MEDIUM,91.317,9.0
TSU,2.0,MEDIUM,81.288,9.0
TSU,3.0,MEDIUM,80.281,9.0
TSU,4.0,MEDIUM,80.032,9.0
TSU,5.0,MEDIUM,79.296,9.0
TSU,6.0,MEDIUM,78.73,9.0
TSU,7.0,MEDIUM,78.712,9.0
TSU,8.0,MEDIUM,78.951,9.0
TSU,9.0,MEDIUM,78.859,9.0
TSU,10.0,MEDIUM,78.697,9.0
TSU,11.0,MEDIUM,79.297,9.0
TSU,12.0,MEDIUM,79.627,9.0
TSU,13.0,MEDIUM,78.8,9.0
TSU,14.0,MEDIUM,78.481,9.0
TSU,15.0,MEDIUM,78.439,9.0
TSU,16.0,MEDIUM,78.246,9.0
TSU,17.0,MEDIUM,78.368,9.0
TSU,18.0,MEDIUM,79.026,9.0
TSU,19.0,MEDIUM,78.567,9.0
TSU,20.0,MEDIUM,79.131,9.0
TSU,21.0,MEDIUM,79.26,9.0
TSU,22.0,MEDIUM,79.152,9.0
TSU,23.0,MEDIUM,79.239,9.0
TSU,24.0,MEDIUM,79.314,9.0
TSU,25.0,MEDIUM,79.335,9.0
TSU,26.0,MEDIUM,79.272,9.0
TSU,27.0,MEDIUM,78.465,9.0
TSU,28.0,MEDIUM,78.369,9.0
TSU,29.0,MEDIUM,78.2,9.0
TSU,30.0,MEDIUM,78.335,9.0
TSU,31.0,MEDIUM,78.463,9.0
TSU,32.0,MEDIUM,78.519,9.0
TSU,33.0,MEDIUM,78.457,9.0
TSU,34.0,MEDIUM,78.039,9.0
TSU,35.0,MEDIUM,77.75,9.0
TSU,36.0,MEDIUM,77.68,9.0
TSU,37.0,MEDIUM,77.992,9.0
TSU,38.0,MEDIUM,78.195,9.0
TSU,39.0,MEDIUM,78.338,9.0
TSU,40.0,MEDIUM,78.328,9.0
TSU,41.0,MEDIUM,78.074,9.0
TSU,42.0,MEDIUM,78.189,9.0
TSU,43.0,MEDIUM,78.046,9.0
TSU,44.0,MEDIUM,78.0,9.0
TSU,45.0,MEDIUM,77.879,9.0
TSU,46.0,MEDIUM,77.956,9.0
TSU,47.0,MEDIUM,78.169,9.0
TSU,48.0,MEDIUM,78.098,9.0
TSU,49.0,MEDIUM,78.32,9.0
TSU,50.0,MEDIUM,78.64,9.0
TSU,51.0,MEDIUM,83.804,9.0
TSU,52.0,MEDIUM,92.268,9.0
TSU,53.0,MEDIUM,125.687,11.0
TSU,54.0,INTERMEDIATE,101.01,9.0
TSU,55.0,INTERMEDIATE,101.834,9.0
TSU,56.0,INTERMEDIATE,102.479,9.0
TSU,57.0,INTERMEDIATE,102.945,9.0
TSU,58.0,INTERMEDIATE,105.898,9.0
TSU,59.0,INTERMEDIATE,102.608,9.0
TSU,60.0,INTERMEDIATE,103.593,9.0
TSU,61.0,INTERMEDIATE,102.234,9.0
TSU,62.0,INTERMEDIATE,100.84,9.0
TSU,63.0,INTERMEDIATE,99.932,9.0
TSU,64.0,INTERMEDIATE,103.104,9.0
TSU,65.0,INTERMEDIATE,98.497,9.0
TSU,66.0,INTERMEDIATE,97.427,9.0
TSU,67.0,INTERMEDIATE,97.623,10.0
TSU,68.0,INTERMEDIATE,137.012,13.0
TSU,69.0,INTERMEDIATE,100.44,15.0
TSU,70.0,INTERMEDIATE,93.923,15.0
TSU,71.0,INTERMEDIATE,91.757,15.0
TSU,72.0,INTERMEDIATE,89.958,15.0
TSU,73.0,INTERMEDIATE,88.138,15.0
TSU,74.0,INTERMEDIATE,88.759,15.0
TSU,75.0,INTERMEDIATE,87.332,15.0
TSU,76.0,INTERMEDIATE,94.205,15.0
ALB,1.0,MEDIUM,94.616,13.0
ALB,2.0,MEDIUM,80.977,13.0
ALB,3.0,MEDIUM,80.703,13.0
ALB,4.0,MEDIUM,80.276,13.0
ALB,5.0,MEDIUM,79.967,13.0
ALB,6.0,MEDIUM,79.165,13.0
ALB,7.0,MEDIUM,79.055,13.0
ALB,8.0,MEDIUM,78.796,13.0
ALB,9.0,MEDIUM,79.293,13.0
ALB,10.0,MEDIUM,79.338,13.0
ALB,11.0,MEDIUM,79.278,13.0
ALB,12.0,MEDIUM,80.31,13.0
ALB,13.0,MEDIUM,79.885,13.0
ALB,14.0,MEDIUM,80.259,13.0
ALB,15.0,MEDIUM,80.892,13.0
ALB,16.0,MEDIUM,80.443,13.0
ALB,17.0,MEDIUM,80.624,13.0
ALB,18.0,MEDIUM,98.414,20.0
ALB,19.0,HARD,83.193,20.0
ALB,20.0,HARD,78.47,19.0
ALB,21.0,HARD,77.131,19.0
ALB,22.0,HARD,77.105,19.0
ALB,23.0,HARD,77.064,19.0
ALB,24.0,HARD,76.672,19.0
ALB,25.0,HARD,76.793,19.0
ALB,26.0,HARD,76.962,19.0
ALB,27.0,HARD,77.36,19.0
ALB,28.0,HARD,78.528,19.0
ALB,29.0,HARD,78.952,19.0
ALB,30.0,HARD,79.457,19.0
ALB,31.0,HARD,79.152,19.0
ALB,32.0,HARD,79.589,19.0
ALB,33.0,HARD,81.559,19.0
ALB,34.0,HARD,80.731,18.0
ALB,35.0,HARD,78.619,18.0
ALB,36.0,HARD,78.804,18.0
ALB,37.0,HARD,79.143,18.0
ALB,38.0,HARD,78.633,18.0
ALB,39.0,HARD,78.774,18.0
ALB,40.0,HARD,78.476,18.0
ALB,41.0,HARD,78.825,18.0
ALB,42.0,HARD,78.93,18.0
ALB,43.0,HARD,78.486,18.0
ALB,44.0,HARD,78.767,18.0
ALB,45.0,HARD,78.829,18.0
ALB,46.0,HARD,78.9,18.0
ALB,47.0,HARD,78.528,18.0
ALB,48.0,HARD,78.882,18.0
ALB,49.0,HARD,80.597,18.0
ALB,50.0,HARD,80.166,18.0
ALB,51.0,HARD,89.941,16.0
ALB,52.0,HARD,115.852,19.0
ALB,53.0,INTERMEDIATE,96.281,18.0
ALB,54.0,INTERMEDIATE,98.297,16.0
ALB,55.0,INTERMEDIATE,105.721,15.0
ALB,56.0,INTERMEDIATE,104.909,15.0
ALB,57.0,INTERMEDIATE,102.2,15.0
ALB,58.0,INTERMEDIATE,106.101,15.0
ALB,59.0,INTERMEDIATE,103.133,15.0
ALB,60.0,INTERMEDIATE,115.401,15.0
ALB,61.0,INTERMEDIATE,101.209,15.0
ALB,62.0,INTERMEDIATE,99.897,15.0
ALB,63.0,INTERMEDIATE,98.649,15.0
ALB,64.0,INTERMEDIATE,97.428,15.0
ALB,65.0,INTERMEDIATE,95.42,15.0
ALB,66.0,INTERMEDIATE,94.016,15.0
ALB,67.0,INTERMEDIATE,93.223,15.0
ALB,68.0,INTERMEDIATE,93.322,15.0
ALB,69.0,INTERMEDIATE,94.087,14.0
ALB,70.0,INTERMEDIATE,90.63,14.0
ALB,71.0,INTERMEDIATE,89.729,14.0
ALB,72.0,INTERMEDIATE,89.217,14.0
ALB,73.0,INTERMEDIATE,92.141,14.0
ALB,74.0,INTERMEDIATE,88.241,14.0
ALB,75.0,INTERMEDIATE,87.197,14.0
ALB,76.0,INTERMEDIATE,86.764,14.0
ALB,77.0,INTERMEDIATE,87.816,14.0
ZHO,1.0,SOFT,118.785,19.0
ZHO,2.0,HARD,80.757,19.0
ZHO,3.0,HARD,77.003,19.0
ZHO,4.0,HARD,76.946,19.0
ZHO,5.0,HARD,76.926,19.0
ZHO,6.0,HARD,77.205,19.0
ZHO,7.0,HARD,77.408,19.0
ZHO,8.0,HARD,77.254,19.0
ZHO,9.0,HARD,77.523,19.0
ZHO,10.0,HARD,78.449,19.0
ZHO,11.0,HARD,79.602,19.0
ZHO,12.0,HARD,80.319,19.0
ZHO,13.0,HARD,80.561,19.0
ZHO,14.0,HARD,80.653,19.0
ZHO,15.0,HARD,80.398,19.0
ZHO,16.0,HARD,80.727,19.0
ZHO,17.0,HARD,80.669,19.0
ZHO,18.0,HARD,81.524,18.0
ZHO,19.0,HARD,82.387,19.0
ZHO,20.0,HARD,80.574,18.0
ZHO,21.0,HARD,78.245,18.0
ZHO,22.0,HARD,77.588,18.0
ZHO,23.0,HARD,77.45,18.0
ZHO,24.0,HARD,77.465,18.0
ZHO,25.0,HARD,77.771,18.0
ZHO,26.0,HARD,78.161,18.0
ZHO,27.0,HARD,78.097,18.0
ZHO,28.0,HARD,80.78,18.0
ZHO,29.0,HARD,78.863,18.0
ZHO,30.0,HARD,79.5,18.0
ZHO,31.0,HARD,79.192,18.0
ZHO,32.0,HARD,79.626,18.0
ZHO,33.0,HARD,81.602,18.0
ZHO,34.0,HARD,80.587,17.0
ZHO,35.0,HARD,78.586,17.0
ZHO,36.0,HARD,78.846,17.0
ZHO,37.0,HARD,79.099,17.0
ZHO,38.0,HARD,78.681,17.0
ZHO,39.0,HARD,78.659,17.0
ZHO,40.0,HARD,78.607,17.0
ZHO,41.0,HARD,78.831,17.0
ZHO,42.0,HARD,78.666,17.0
ZHO,43.0,HARD,78.701,17.0
ZHO,44.0,HARD,78.721,17.0
ZHO,45.0,HARD,78.762,17.0
ZHO,46.0,HARD,78.66,17.0
ZHO,47.0,HARD,78.809,17.0
ZHO,48.0,HARD,78.947,17.0
ZHO,49.0,HARD,79.065,17.0
ZHO,50.0,HARD,81.664,17.0
ZHO,51.0,HARD,90.253,15.0
ZHO,52.0,HARD,111.997,18.0
ZHO,53.0,INTERMEDIATE,96.935,17.0
ZHO,54.0,INTERMEDIATE,100.446,15.0
ZHO,55.0,INTERMEDIATE,106.545,14.0
ZHO,56.0,INTERMEDIATE,101.908,14.0
ZHO,57.0,INTERMEDIATE,104.702,14.0
ZHO,58.0,INTERMEDIATE,105.564,14.0
ZHO,59.0,INTERMEDIATE,103.592,14.0
ZHO,60.0,INTERMEDIATE,101.62,14.0
ZHO,61.0,INTERMEDIATE,101.501,14.0
ZHO,62.0,INTERMEDIATE,100.987,14.0
ZHO,63.0,INTERMEDIATE,100.738,14.0
ZHO,64.0,INTERMEDIATE,102.573,14.0
ZHO,65.0,INTERMEDIATE,99.444,14.0
ZHO,66.0,INTERMEDIATE,94.287,14.0
ZHO,67.0,INTERMEDIATE,93.464,14.0
ZHO,68.0,INTERMEDIATE,94.679,14.0
ZHO,69.0,INTERMEDIATE,93.879,13.0
ZHO,70.0,INTERMEDIATE,90.405,13.0
ZHO,71.0,INTERMEDIATE,89.336,13.0
ZHO,72.0,INTERMEDIATE,87.964,13.0
ZHO,73.0,INTERMEDIATE,90.119,13.0
ZHO,74.0,INTERMEDIATE,88.049,13.0
ZHO,75.0,INTERMEDIATE,86.612,13.0
ZHO,76.0,INTERMEDIATE,85.717,13.0
ZHO,77.0,INTERMEDIATE,86.615,13.0
HUL,1.0,MEDIUM,120.092,20.0
HUL,2.0,HARD,80.434,20.0
HUL,3.0,HARD,77.221,20.0
HUL,4.0,HARD,77.148,20.0
HUL,5.0,HARD,77.045,20.0
HUL,6.0,HARD,76.991,20.0
HUL,7.0,HARD,77.333,20.0
HUL,8.0,HARD,77.237,20.0
HUL,9.0,HARD,77.433,20.0
HUL,10.0,HARD,78.028,20.0
HUL,11.0,HARD,79.596,20.0
HUL,12.0,HARD,80.164,20.0
HUL,13.0,HARD,80.824,20.0
HUL,14.0,HARD,81.254,20.0
HUL,15.0,HARD,80.972,20.0
HUL,16.0,HARD,80.281,20.0
HUL,17.0,HARD,80.171,20.0
HUL,18.0,HARD,81.166,19.0
HUL,19.0,HARD,79.836,17.0
HUL,20.0,HARD,77.642,17.0
HUL,21.0,HARD,77.201,17.0
HUL,22.0,HARD,77.845,17.0
HUL,23.0,HARD,78.009,17.0
HUL,24.0,HARD,78.363,17.0
HUL,25.0,HARD,78.23,17.0
HUL,26.0,HARD,78.664,17.0
HUL,27.0,HARD,78.956,17.0
HUL,28.0,HARD,79.589,17.0
HUL,29.0,HARD,81.412,17.0
HUL,30.0,HARD,78.92,17.0
HUL,31.0,HARD,79.756,17.0
HUL,32.0,HARD,79.708,17.0
HUL,33.0,HARD,81.348,17.0
HUL,34.0,HARD,80.956,16.0
HUL,35.0,HARD,78.327,16.0
HUL,36.0,HARD,79.148,16.0
HUL,37.0,HARD,79.009,16.0
HUL,38.0,HARD,78.602,16.0
HUL,39.0,HARD,78.557,16.0
HUL,40.0,HARD,78.692,16.0
HUL,41.0,HARD,78.606,16.0
HUL,42.0,HARD,78.838,16.0
HUL,43.0,HARD,78.991,16.0
HUL,44.0,HARD,78.467,16.0
HUL,45.0,HARD,78.751,16.0
HUL,46.0,HARD,78.608,16.0
HUL,47.0,HARD,78.857,16.0
HUL,48.0,HARD,78.789,16.0
HUL,49.0,HARD,79.036,16.0
HUL,50.0,HARD,80.238,16.0
HUL,51.0,HARD,88.292,14.0
HUL,52.0,HARD,91.149,14.0
HUL,53.0,HARD,100.881,14.0
HUL,54.0,HARD,139.643,18.0
HUL,55.0,INTERMEDIATE,104.22,18.0
HUL,56.0,INTERMEDIATE,103.79,17.0
HUL,57.0,INTERMEDIATE,102.598,16.0
HUL,58.0,INTERMEDIATE,102.188,16.0
HUL,59.0,INTERMEDIATE,119.463,17.0
HUL,60.0,WET,102.782,17.0
HUL,61.0,WET,99.565,17.0
HUL,62.0,WET,98.291,17.0
HUL,63.0,WET,97.973,17.0
HUL,64.0,WET,97.628,17.0
HUL,65.0,WET,96.647,17.0
HUL,66.0,WET,96.301,17.0
HUL,67.0,WET,95.656,17.0
HUL,68.0,WET,96.655,17.0
HUL,69.0,WET,95.297,17.0
HUL,70.0,WET,100.947,16.0
HUL,71.0,WET,93.744,16.0
HUL,72.0,WET,92.994,16.0
HUL,73.0,WET,93.111,16.0
HUL,74.0,WET,94.924,16.0
HUL,75.0,WET,94.146,16.0
HUL,76.0,WET,90.26,16.0
OCO,1.0,MEDIUM,86.639,3.0
OCO,2.0,MEDIUM,80.301,3.0
OCO,3.0,MEDIUM,79.704,3.0
OCO,4.0,MEDIUM,79.314,3.0
OCO,5.0,MEDIUM,79.041,3.0
OCO,6.0,MEDIUM,78.731,3.0
OCO,7.0,MEDIUM,78.782,3.0
OCO,8.0,MEDIUM,78.533,3.0
OCO,9.0,MEDIUM,78.594,3.0
OCO,10.0,MEDIUM,78.46,3.0
OCO,11.0,MEDIUM,78.271,3.0
OCO,12.0,MEDIUM,78.515,3.0
OCO,13.0,MEDIUM,78.025,3.0
OCO,14.0,MEDIUM,78.055,3.0
OCO,15.0,MEDIUM,78.018,3.0
OCO,16.0,MEDIUM,77.948,3.0
OCO,17.0,MEDIUM,78.372,3.0
OCO,18.0,MEDIUM,78.22,3.0
OCO,19.0,MEDIUM,78.074,3.0
OCO,20.0,MEDIUM,78.087,3.0
OCO,21.0,MEDIUM,78.161,3.0
OCO,22.0,MEDIUM,78.057,3.0
OCO,23.0,MEDIUM,77.873,3.0
OCO,24.0,MEDIUM,77.498,3.0
OCO,25.0,MEDIUM,77.451,3.0
OCO,26.0,MEDIUM,77.433,3.0
OCO,27.0,MEDIUM,77.145,3.0
OCO,28.0,MEDIUM,76.938,3.0
OCO,29.0,MEDIUM,77.179,3.0
OCO,30.0,MEDIUM,77.334,3.0
OCO,31.0,MEDIUM,77.331,3.0
OCO,32.0,MEDIUM,94.668,7.0
OCO,33.0,HARD,79.289,7.0
OCO,34.0,HARD,76.95,6.0
OCO,35.0,HARD,77.095,6.0
OCO,36.0,HARD,77.304,6.0
OCO,37.0,HARD,77.14,6.0
OCO,38.0,HARD,77.048,6.0
OCO,39.0,HARD,77.169,6.0
OCO,40.0,HARD,77.025,6.0
OCO,41.0,HARD,76.528,6.0
OCO,42.0,HARD,77.01,6.0
OCO,43.0,HARD,77.002,6.0
OCO,44.0,HARD,77.033,5.0
OCO,45.0,HARD,77.271,5.0
OCO,46.0,HARD,76.775,5.0
OCO,47.0,HARD,76.962,4.0
OCO,48.0,HARD,76.968,4.0
OCO,49.0,HARD,77.09,4.0
OCO,50.0,HARD,77.836,4.0
OCO,51.0,HARD,79.453,4.0
OCO,52.0,HARD,86.99,4.0
OCO,53.0,HARD,89.909,4.0
OCO,54.0,HARD,114.547,6.0
OCO,55.0,INTERMEDIATE,102.379,3.0
OCO,56.0,INTERMEDIATE,101.755,3.0
OCO,57.0,INTERMEDIATE,102.554,3.0
OCO,58.0,INTERMEDIATE,103.729,3.0
OCO,59.0,INTERMEDIATE,105.002,3.0
OCO,60.0,INTERMEDIATE,102.527,3.0
OCO,61.0,INTERMEDIATE,102.63,3.0
OCO,62.0,INTERMEDIATE,102.139,3.0
OCO,63.0,INTERMEDIATE,101.123,3.0
OCO,64.0,INTERMEDIATE,100.375,3.0
OCO,65.0,INTERMEDIATE,97.029,3.0
OCO,66.0,INTERMEDIATE,95.456,3.0
OCO,67.0,INTERMEDIATE,94.457,3.0
OCO,68.0,INTERMEDIATE,93.484,3.0
OCO,69.0,INTERMEDIATE,92.501,3.0
OCO,70.0,INTERMEDIATE,90.3,3.0
OCO,71.0,INTERMEDIATE,90.027,3.0
OCO,72.0,INTERMEDIATE,89.541,3.0
OCO,73.0,INTERMEDIATE,87.666,3.0
OCO,74.0,INTERMEDIATE,86.712,3.0
OCO,75.0,INTERMEDIATE,85.133,3.0
OCO,76.0,INTERMEDIATE,84.834,3.0
OCO,77.0,INTERMEDIATE,86.24,3.0
OCO,78.0,INTERMEDIATE,84.231,3.0
NOR,1.0,MEDIUM,92.034,10.0
NOR,2.0,MEDIUM,81.61,10.0
NOR,3.0,MEDIUM,80.396,10.0
NOR,4.0,MEDIUM,80.209,10.0
NOR,5.0,MEDIUM,79.502,10.0
NOR,6.0,MEDIUM,79.045,10.0
NOR,7.0,MEDIUM,78.652,10.0
NOR,8.0,MEDIUM,78.651,10.0
NOR,9.0,MEDIUM,79.065,10.0
NOR,10.0,MEDIUM,79.053,10.0
NOR,11.0,MEDIUM,79.148,10.0
NOR,12.0,MEDIUM,80.277,10.0
NOR,13.0,MEDIUM,78.978,10.0
NOR,14.0,MEDIUM,78.856,10.0
NOR,15.0,MEDIUM,78.855,10.0
NOR,16.0,MEDIUM,78.988,10.0
NOR,17.0,MEDIUM,78.937,10.0
NOR,18.0,MEDIUM,79.01,10.0
NOR,19.0,MEDIUM,79.504,10.0
NOR,20.0,MEDIUM,78.985,10.0
NOR,21.0,MEDIUM,79.074,10.0
NOR,22.0,MEDIUM,78.882,10.0
NOR,23.0,MEDIUM,78.657,10.0
NOR,24.0,MEDIUM,78.681,10.0
NOR,25.0,MEDIUM,78.78,10.0
NOR,26.0,MEDIUM,79.067,10.0
NOR,27.0,MEDIUM,79.109,10.0
NOR,28.0,MEDIUM,78.771,10.0
NOR,29.0,MEDIUM,78.906,10.0
NOR,30.0,MEDIUM,78.568,10.0
NOR,31.0,MEDIUM,78.454,10.0
NOR,32.0,MEDIUM,77.914,10.0
NOR,33.0,MEDIUM,78.042,10.0
NOR,34.0,MEDIUM,78.026,10.0
NOR,35.0,MEDIUM,78.192,10.0
NOR,36.0,MEDIUM,78.05,10.0
NOR,37.0,MEDIUM,78.303,10.0
NOR,38.0,MEDIUM,78.214,10.0
NOR,39.0,MEDIUM,78.151,10.0
NOR,40.0,MEDIUM,78.529,10.0
NOR,41.0,MEDIUM,78.409,10.0
NOR,42.0,MEDIUM,78.149,10.0
NOR,43.0,MEDIUM,78.045,10.0
NOR,44.0,MEDIUM,77.991,10.0
NOR,45.0,MEDIUM,77.862,10.0
NOR,46.0,MEDIUM,77.844,10.0
NOR,47.0,MEDIUM,78.234,10.0
NOR,48.0,MEDIUM,78.297,10.0
NOR,49.0,MEDIUM,78.152,10.0
NOR,50.0,MEDIUM,95.974,11.0
NOR,51.0,HARD,87.706,11.0
NOR,52.0,HARD,88.675,11.0
NOR,53.0,HARD,92.162,10.0
NOR,54.0,HARD,132.003,11.0
NOR,55.0,INTERMEDIATE,103.38,11.0
NOR,56.0,INTERMEDIATE,100.384,11.0
NOR,57.0,INTERMEDIATE,100.421,11.0
NOR,58.0,INTERMEDIATE,102.13,10.0
NOR,59.0,INTERMEDIATE,101.216,10.0
NOR,60.0,INTERMEDIATE,101.789,10.0
NOR,61.0,INTERMEDIATE,99.545,10.0
NOR,62.0,INTERMEDIATE,98.893,10.0
NOR,63.0,INTERMEDIATE,98.511,10.0
NOR,64.0,INTERMEDIATE,98.75,10.0
NOR,65.0,INTERMEDIATE,98.818,10.0
NOR,66.0,INTERMEDIATE,96.981,10.0
NOR,67.0,INTERMEDIATE,92.417,9.0
NOR,68.0,INTERMEDIATE,91.037,9.0
NOR,69.0,INTERMEDIATE,90.126,9.0
NOR,70.0,INTERMEDIATE,88.512,9.0
NOR,71.0,INTERMEDIATE,88.373,9.0
NOR,72.0,INTERMEDIATE,85.959,9.0
NOR,73.0,INTERMEDIATE,85.767,9.0
NOR,74.0,INTERMEDIATE,85.471,9.0
NOR,75.0,INTERMEDIATE,85.278,9.0
NOR,76.0,INTERMEDIATE,85.767,9.0
NOR,77.0,INTERMEDIATE,86.888,9.0
HAM,1.0,MEDIUM,88.585,5.0
HAM,2.0,MEDIUM,80.527,5.0
HAM,3.0,MEDIUM,80.105,5.0
HAM,4.0,MEDIUM,79.356,5.0
HAM,5.0,MEDIUM,78.736,5.0
HAM,6.0,MEDIUM,78.958,5.0
HAM,7.0,MEDIUM,78.651,5.0
HAM,8.0,MEDIUM,79.051,5.0
HAM,9.0,MEDIUM,78.829,5.0
HAM,10.0,MEDIUM,78.173,5.0
HAM,11.0,MEDIUM,77.926,5.0
HAM,12.0,MEDIUM,78.23,5.0
HAM,13.0,MEDIUM,78.084,5.0
HAM,14.0,MEDIUM,78.422,5.0
HAM,15.0,MEDIUM,78.189,5.0
HAM,16.0,MEDIUM,78.31,5.0
HAM,17.0,MEDIUM,78.254,5.0
HAM,18.0,MEDIUM,78.37,5.0
HAM,19.0,MEDIUM,78.207,5.0
HAM,20.0,MEDIUM,78.121,5.0
HAM,21.0,MEDIUM,78.311,5.0
HAM,22.0,MEDIUM,77.393,5.0
HAM,23.0,MEDIUM,78.053,5.0
HAM,24.0,MEDIUM,77.431,5.0
HAM,25.0,MEDIUM,77.643,5.0
HAM,26.0,MEDIUM,77.716,5.0
HAM,27.0,MEDIUM,77.322,5.0
HAM,28.0,MEDIUM,77.334,5.0
HAM,29.0,MEDIUM,77.372,5.0
HAM,30.0,MEDIUM,77.742,5.0
HAM,31.0,MEDIUM,95.467,8.0
HAM,32.0,HARD,78.165,8.0
HAM,33.0,HARD,75.65,8.0
HAM,34.0,HARD,78.357,8.0
HAM,35.0,HARD,77.159,8.0
HAM,36.0,HARD,77.688,8.0
HAM,37.0,HARD,77.711,8.0
HAM,38.0,HARD,77.167,8.0
HAM,39.0,HARD,77.293,8.0
HAM,40.0,HARD,76.962,8.0
HAM,41.0,HARD,76.588,8.0
HAM,42.0,HARD,76.58,8.0
HAM,43.0,HARD,76.529,8.0
HAM,44.0,HARD,76.88,7.0
HAM,45.0,HARD,78.833,7.0
HAM,46.0,HARD,76.85,7.0
HAM,47.0,HARD,76.257,6.0
HAM,48.0,HARD,76.86,6.0
HAM,49.0,HARD,76.781,6.0
HAM,50.0,HARD,77.11,6.0
HAM,51.0,HARD,78.294,6.0
HAM,52.0,HARD,86.237,6.0
HAM,53.0,HARD,91.341,6.0
HAM,54.0,HARD,115.141,7.0
HAM,55.0,INTERMEDIATE,99.603,4.0
HAM,56.0,INTERMEDIATE,101.277,4.0
HAM,57.0,INTERMEDIATE,103.278,4.0
HAM,58.0,INTERMEDIATE,103.378,4.0
HAM,59.0,INTERMEDIATE,105.199,4.0
HAM,60.0,INTERMEDIATE,103.041,4.0
HAM,61.0,INTERMEDIATE,102.396,4.0
HAM,62.0,INTERMEDIATE,102.287,4.0
HAM,63.0,INTERMEDIATE,101.315,4.0
HAM,64.0,INTERMEDIATE,98.957,4.0
HAM,65.0,INTERMEDIATE,97.636,4.0
HAM,66.0,INTERMEDIATE,96.203,4.0
HAM,67.0,INTERMEDIATE,94.539,4.0
HAM,68.0,INTERMEDIATE,92.866,4.0
HAM,69.0,INTERMEDIATE,93.757,4.0
HAM,70.0,INTERMEDIATE,89.68,4.0
HAM,71.0,INTERMEDIATE,89.667,4.0
HAM,72.0,INTERMEDIATE,89.415,4.0
HAM,73.0,INTERMEDIATE,87.735,4.0
HAM,74.0,INTERMEDIATE,86.304,4.0
HAM,75.0,INTERMEDIATE,85.242,4.0
HAM,76.0,INTERMEDIATE,84.651,4.0
HAM,77.0,INTERMEDIATE,86.21,4.0
HAM,78.0,INTERMEDIATE,85.105,4.0
SAI,1.0,HARD,87.39,4.0
SAI,2.0,HARD,80.593,4.0
SAI,3.0,HARD,79.958,4.0
SAI,4.0,HARD,79.482,4.0
SAI,5.0,HARD,78.723,4.0
SAI,6.0,HARD,78.764,4.0
SAI,7.0,HARD,78.697,4.0
SAI,8.0,HARD,78.637,4.0
SAI,9.0,HARD,78.306,4.0
SAI,10.0,HARD,78.07,4.0
SAI,11.0,HARD,78.265,4.0
SAI,12.0,HARD,78.947,4.0
SAI,13.0,HARD,78.286,4.0
SAI,14.0,HARD,78.107,4.0
SAI,15.0,HARD,77.883,4.0
SAI,16.0,HARD,78.239,4.0
SAI,17.0,HARD,78.36,4.0
SAI,18.0,HARD,78.178,4.0
SAI,19.0,HARD,77.999,4.0
SAI,20.0,HARD,78.032,4.0
SAI,21.0,HARD,78.006,4.0
SAI,22.0,HARD,78.007,4.0
SAI,23.0,HARD,78.006,4.0
SAI,24.0,HARD,77.912,4.0
SAI,25.0,HARD,77.464,4.0
SAI,26.0,HARD,77.366,4.0
SAI,27.0,HARD,77.318,4.0
SAI,28.0,HARD,77.316,4.0
SAI,29.0,HARD,77.171,4.0
SAI,30.0,HARD,77.22,4.0
SAI,31.0,HARD,77.465,4.0
SAI,32.0,HARD,77.18,3.0
SAI,33.0,HARD,93.612,6.0
SAI,34.0,MEDIUM,80.767,7.0
SAI,35.0,MEDIUM,76.628,7.0
SAI,36.0,MEDIUM,77.979,7.0
SAI,37.0,MEDIUM,77.565,7.0
SAI,38.0,MEDIUM,76.786,7.0
SAI,39.0,MEDIUM,77.175,7.0
SAI,40.0,MEDIUM,77.023,7.0
SAI,41.0,MEDIUM,76.651,7.0
SAI,42.0,MEDIUM,76.467,7.0
SAI,43.0,MEDIUM,76.449,7.0
SAI,44.0,MEDIUM,77.76,6.0
SAI,45.0,MEDIUM,77.146,6.0
SAI,46.0,MEDIUM,77.22,6.0
SAI,47.0,MEDIUM,76.732,5.0
SAI,48.0,MEDIUM,76.561,5.0
SAI,49.0,MEDIUM,77.014,5.0
SAI,50.0,MEDIUM,76.917,5.0
SAI,51.0,MEDIUM,79.013,5.0
SAI,52.0,MEDIUM,86.201,5.0
SAI,53.0,MEDIUM,90.068,5.0
SAI,54.0,MEDIUM,97.315,3.0
SAI,55.0,MEDIUM,139.381,8.0
SAI,56.0,INTERMEDIATE,102.32,8.0
SAI,57.0,INTERMEDIATE,101.192,8.0
SAI,58.0,INTERMEDIATE,103.462,8.0
SAI,59.0,INTERMEDIATE,102.82,8.0
SAI,60.0,INTERMEDIATE,103.041,8.0
SAI,61.0,INTERMEDIATE,102.633,8.0
SAI,62.0,INTERMEDIATE,100.78,8.0
SAI,63.0,INTERMEDIATE,99.899,8.0
SAI,64.0,INTERMEDIATE,99.306,8.0
SAI,65.0,INTERMEDIATE,97.838,8.0
SAI,66.0,INTERMEDIATE,96.238,8.0
SAI,67.0,INTERMEDIATE,94.999,8.0
SAI,68.0,INTERMEDIATE,93.322,8.0
SAI,69.0,INTERMEDIATE,95.394,8.0
SAI,70.0,INTERMEDIATE,92.13,8.0
SAI,71.0,INTERMEDIATE,89.92,8.0
SAI,72.0,INTERMEDIATE,89.849,8.0
SAI,73.0,INTERMEDIATE,87.84,8.0
SAI,74.0,INTERMEDIATE,88.585,8.0
SAI,75.0,INTERMEDIATE,86.388,8.0
SAI,76.0,INTERMEDIATE,85.776,8.0
SAI,77.0,INTERMEDIATE,85.579,8.0
SAI,78.0,INTERMEDIATE,86.283,8.0
RUS,1.0,HARD,90.387,8.0
RUS,2.0,HARD,81.155,8.0
RUS,3.0,HARD,80.291,8.0
RUS,4.0,HARD,80.03,8.0
RUS,5.0,HARD,78.84,8.0
RUS,6.0,HARD,78.945,8.0
RUS,7.0,HARD,78.583,8.0
RUS,8.0,HARD,78.99,8.0
RUS,9.0,HARD,79.025,8.0
RUS,10.0,HARD,78.566,8.0
RUS,11.0,HARD,78.483,8.0
RUS,12.0,HARD,78.459,8.0
RUS,13.0,HARD,77.787,8.0
RUS,14.0,HARD,78.286,8.0
RUS,15.0,HARD,78.531,8.0
RUS,16.0,HARD,78.502,8.0
RUS,17.0,HARD,78.244,8.0
RUS,18.0,HARD,78.229,8.0
RUS,19.0,HARD,78.299,8.0
RUS,20.0,HARD,78.32,8.0
RUS,21.0,HARD,78.086,8.0
RUS,22.0,HARD,77.879,8.0
RUS,23.0,HARD,78.111,8.0
RUS,24.0,HARD,77.709,8.0
RUS,25.0,HARD,77.648,8.0
RUS,26.0,HARD,77.9,8.0
RUS,27.0,HARD,77.837,8.0
RUS,28.0,HARD,77.353,8.0
RUS,29.0,HARD,77.332,8.0
RUS,30.0,HARD,77.3,8.0
RUS,31.0,HARD,77.404,7.0
RUS,32.0,HARD,77.474,6.0
RUS,33.0,HARD,77.556,5.0
RUS,34.0,HARD,77.569,5.0
RUS,35.0,HARD,77.568,5.0
RUS,36.0,HARD,77.111,5.0
RUS,37.0,HARD,77.335,5.0
RUS,38.0,HARD,77.195,5.0
RUS,39.0,HARD,77.339,5.0
RUS,40.0,HARD,77.215,5.0
RUS,41.0,HARD,77.323,5.0
RUS,42.0,HARD,77.979,5.0
RUS,43.0,HARD,77.847,5.0
RUS,44.0,HARD,77.967,4.0
RUS,45.0,HARD,77.545,4.0
RUS,46.0,HARD,77.068,4.0
RUS,47.0,HARD,77.06,3.0
RUS,48.0,HARD,76.798,3.0
RUS,49.0,HARD,77.223,3.0
RUS,50.0,HARD,77.635,3.0
RUS,51.0,HARD,79.64,3.0
RUS,52.0,HARD,84.754,3.0
RUS,53.0,HARD,88.625,3.0
RUS,54.0,HARD,117.545,5.0
RUS,55.0,INTERMEDIATE,115.804,5.0
RUS,56.0,INTERMEDIATE,101.302,5.0
RUS,57.0,INTERMEDIATE,103.554,5.0
RUS,58.0,INTERMEDIATE,102.155,5.0
RUS,59.0,INTERMEDIATE,103.463,5.0
RUS,60.0,INTERMEDIATE,103.53,5.0
RUS,61.0,INTERMEDIATE,101.329,5.0
RUS,62.0,INTERMEDIATE,101.104,5.0
RUS,63.0,INTERMEDIATE,99.713,5.0
RUS,64.0,INTERMEDIATE,98.229,5.0
RUS,65.0,INTERMEDIATE,96.696,5.0
RUS,66.0,INTERMEDIATE,95.991,5.0
RUS,67.0,INTERMEDIATE,94.751,5.0
RUS,68.0,INTERMEDIATE,93.647,5.0
RUS,69.0,INTERMEDIATE,93.734,5.0
RUS,70.0,INTERMEDIATE,90.929,5.0
RUS,71.0,INTERMEDIATE,90.709,5.0
RUS,72.0,INTERMEDIATE,90.012,5.0
RUS,73.0,INTERMEDIATE,88.921,5.0
RUS,74.0,INTERMEDIATE,87.787,5.0
RUS,75.0,INTERMEDIATE,86.399,5.0
RUS,76.0,INTERMEDIATE,85.436,5.0
RUS,77.0,INTERMEDIATE,86.978,5.0
RUS,78.0,INTERMEDIATE,87.209,5.0
BOT,1.0,HARD,96.914,14.0
BOT,2.0,HARD,80.021,14.0
BOT,3.0,HARD,80.142,14.0
BOT,4.0,HARD,80.341,14.0
BOT,5.0,HARD,80.022,14.0
BOT,6.0,HARD,79.165,14.0
BOT,7.0,HARD,79.167,14.0
BOT,8.0,HARD,78.774,14.0
BOT,9.0,HARD,79.007,14.0
BOT,10.0,HARD,79.527,14.0
BOT,11.0,HARD,79.38,14.0
BOT,12.0,HARD,80.206,14.0
BOT,13.0,HARD,79.511,14.0
BOT,14.0,HARD,80.067,14.0
BOT,15.0,HARD,80.912,14.0
BOT,16.0,HARD,80.48,14.0
BOT,17.0,HARD,80.577,14.0
BOT,18.0,HARD,78.764,13.0
BOT,19.0,HARD,77.824,13.0
BOT,20.0,HARD,78.024,13.0
BOT,21.0,HARD,78.024,13.0
BOT,22.0,HARD,78.26,13.0
BOT,23.0,HARD,78.737,13.0
BOT,24.0,HARD,80.068,13.0
BOT,25.0,HARD,80.203,13.0
BOT,26.0,HARD,80.222,13.0
BOT,27.0,HARD,80.162,13.0
BOT,28.0,HARD,79.853,13.0
BOT,29.0,HARD,80.208,13.0
BOT,30.0,HARD,79.393,13.0
BOT,31.0,HARD,79.021,13.0
BOT,32.0,HARD,79.47,13.0
BOT,33.0,HARD,78.655,13.0
BOT,34.0,HARD,80.226,13.0
BOT,35.0,HARD,79.889,13.0
BOT,36.0,HARD,79.139,13.0
BOT,37.0,HARD,79.112,13.0
BOT,38.0,HARD,80.07,13.0
BOT,39.0,HARD,78.876,13.0
BOT,40.0,HARD,78.968,13.0
BOT,41.0,HARD,78.706,13.0
BOT,42.0,HARD,78.435,13.0
BOT,43.0,HARD,78.685,13.0
BOT,44.0,HARD,78.606,13.0
BOT,45.0,HARD,78.202,13.0
BOT,46.0,HARD,78.153,13.0
BOT,47.0,HARD,78.343,13.0
BOT,48.0,HARD,78.151,13.0
BOT,49.0,HARD,78.383,13.0
BOT,50.0,HARD,79.704,13.0
BOT,51.0,HARD,109.586,18.0
BOT,52.0,INTERMEDIATE,92.154,16.0
BOT,53.0,INTERMEDIATE,92.72,15.0
BOT,54.0,INTERMEDIATE,98.747,14.0
BOT,55.0,INTERMEDIATE,103.627,12.0
BOT,56.0,INTERMEDIATE,100.028,12.0
BOT,57.0,INTERMEDIATE,100.402,12.0
BOT,58.0,INTERMEDIATE,102.952,12.0
BOT,59.0,INTERMEDIATE,102.622,12.0
BOT,60.0,INTERMEDIATE,101.926,12.0
BOT,61.0,INTERMEDIATE,100.096,12.0
BOT,62.0,INTERMEDIATE,99.577,12.0
BOT,63.0,INTERMEDIATE,99.237,12.0
BOT,64.0,INTERMEDIATE,97.459,12.0
BOT,65.0,INTERMEDIATE,96.44,12.0
BOT,66.0,INTERMEDIATE,95.048,12.0
BOT,67.0,INTERMEDIATE,95.077,12.0
BOT,68.0,INTERMEDIATE,94.038,11.0
BOT,69.0,INTERMEDIATE,90.766,11.0
BOT,70.0,INTERMEDIATE,92.495,11.0
BOT,71.0,INTERMEDIATE,91.967,11.0
BOT,72.0,INTERMEDIATE,92.025,11.0
BOT,73.0,INTERMEDIATE,87.23,11.0
BOT,74.0,INTERMEDIATE,86.646,11.0
BOT,75.0,INTERMEDIATE,86.553,11.0
BOT,76.0,INTERMEDIATE,84.637,11.0
BOT,77.0,INTERMEDIATE,84.139,11.0
PIA,1.0,HARD,93.07,11.0
PIA,2.0,HARD,81.804,11.0
PIA,3.0,HARD,80.532,11.0
PIA,4.0,HARD,80.408,11.0
PIA,5.0,HARD,79.707,11.0
PIA,6.0,HARD,79.247,11.0
PIA,7.0,HARD,78.869,11.0
PIA,8.0,HARD,78.828,11.0
PIA,9.0,HARD,79.346,11.0
PIA,10.0,HARD,79.015,11.0
PIA,11.0,HARD,78.9,11.0
PIA,12.0,HARD,80.302,11.0
PIA,13.0,HARD,79.265,11.0
PIA,14.0,HARD,79.285,11.0
PIA,15.0,HARD,79.134,11.0
PIA,16.0,HARD,78.718,11.0
PIA,17.0,HARD,79.053,11.0
PIA,18.0,HARD,78.765,11.0
PIA,19.0,HARD,79.416,11.0
PIA,20.0,HARD,79.281,11.0
PIA,21.0,HARD,79.065,11.0
PIA,22.0,HARD,79.025,11.0
PIA,23.0,HARD,79.52,11.0
PIA,24.0,HARD,79.359,11.0
PIA,25.0,HARD,79.382,11.0
PIA,26.0,HARD,80.198,11.0
PIA,27.0,HARD,79.524,11.0
PIA,28.0,HARD,78.485,11.0
PIA,29.0,HARD,78.335,11.0
PIA,30.0,HARD,78.363,11.0
PIA,31.0,HARD,78.115,11.0
PIA,32.0,HARD,78.39,11.0
PIA,33.0,HARD,78.259,11.0
PIA,34.0,HARD,78.311,11.0
PIA,35.0,HARD,78.328,11.0
PIA,36.0,HARD,77.701,11.0
PIA,37.0,HARD,77.842,11.0
PIA,38.0,HARD,77.73,11.0
PIA,39.0,HARD,77.873,11.0
PIA,40.0,HARD,78.184,11.0
PIA,41.0,HARD,78.555,11.0
PIA,42.0,HARD,78.065,11.0
PIA,43.0,HARD,78.148,11.0
PIA,44.0,HARD,78.041,11.0
PIA,45.0,HARD,77.846,11.0
PIA,46.0,HARD,77.516,11.0
PIA,47.0,HARD,77.513,11.0
PIA,48.0,HARD,78.001,11.0
PIA,49.0,HARD,81.248,11.0
PIA,50.0,HARD,78.201,10.0
PIA,51.0,HARD,83.586,10.0
PIA,52.0,HARD,89.897,10.0
PIA,53.0,HARD,96.843,9.0
PIA,54.0,HARD,131.859,10.0
PIA,55.0,INTERMEDIATE,106.026,10.0
PIA,56.0,INTERMEDIATE,103.482,10.0
PIA,57.0,INTERMEDIATE,103.431,10.0
PIA,58.0,INTERMEDIATE,103.803,11.0
PIA,59.0,INTERMEDIATE,102.379,11.0
PIA,60.0,INTERMEDIATE,101.431,11.0
PIA,61.0,INTERMEDIATE,101.089,11.0
PIA,62.0,INTERMEDIATE,99.78,11.0
PIA,63.0,INTERMEDIATE,98.882,11.0
PIA,64.0,INTERMEDIATE,98.53,11.0
PIA,65.0,INTERMEDIATE,97.419,11.0
PIA,66.0,INTERMEDIATE,94.942,11.0
PIA,67.0,INTERMEDIATE,96.653,11.0
PIA,68.0,INTERMEDIATE,91.909,10.0
PIA,69.0,INTERMEDIATE,91.253,10.0
PIA,70.0,INTERMEDIATE,88.82,10.0
PIA,71.0,INTERMEDIATE,87.67,10.0
PIA,72.0,INTERMEDIATE,88.016,10.0
PIA,73.0,INTERMEDIATE,87.443,10.0
PIA,74.0,INTERMEDIATE,86.185,10.0
PIA,75.0,INTERMEDIATE,86.143,10.0
PIA,76.0,INTERMEDIATE,85.615,10.0
PIA,77.0,INTERMEDIATE,84.785,10.0
